{
  "task_sycophancy": {
    "n_pairs": 200,
    "focal_layer": 18,
    "focal_norm_raw": 25.311038970947266,
    "focal_pairwise_auroc": 1.0,
    "positive_projection_mean": 14.271204948425293,
    "negative_projection_mean": -11.039836883544922
  },
  "honesty": {
    "n_pairs": 60,
    "focal_layer": 18,
    "focal_norm_raw": 28.2994327545166,
    "focal_pairwise_auroc": 1.0,
    "positive_projection_mean": 10.88087272644043,
    "negative_projection_mean": -17.418560028076172
  },
  "task_honesty_cosine_by_layer": [
    0.0758495032787323,
    -0.16577932238578796,
    -0.059758979827165604,
    -0.005572768859565258,
    0.02595556154847145,
    -0.00043296441435813904,
    0.02345159649848938,
    0.024114252999424934,
    -0.002334023592993617,
    -0.014528276398777962,
    0.00809512846171856,
    0.00450056791305542,
    0.0030761314556002617,
    0.0161021389067173,
    -0.011550357565283775,
    -0.017041321843862534,
    -0.07134244590997696,
    -0.0930555984377861,
    -0.10648658871650696,
    -0.11157940328121185,
    -0.11844116449356079,
    -0.10345955193042755,
    -0.09377426654100418,
    -0.09819801151752472,
    -0.06048247963190079,
    -0.04258677735924721,
    -0.03980395197868347,
    -0.03487715497612953,
    -0.03902054578065872,
    -0.03701891005039215,
    -0.02663126215338707,
    -0.03930947184562683,
    -0.048685695976018906,
    -0.030787957832217216,
    -0.03497274965047836,
    -0.03309337794780731
  ],
  "task_honesty_cosine_focal": -0.10648658871650696
}