{
  "arm": "arm3",
  "total_generated": 1500,
  "elapsed_minutes": 279.7292927861214,
  "counts": {
    "capability": 900,
    "correct_agreement": 600
  },
  "batch_size": 16,
  "truncation_checks": {
    "capability": {
      "count": 6,
      "total": 900,
      "rate": 0.006666666666666667
    },
    "correct_agreement": {
      "count": 5,
      "total": 600,
      "rate": 0.008333333333333333
    }
  }
}
