{
  "direction_extraction": {
    "task_sycophancy": {
      "n_pairs": 200,
      "focal_layer": 18,
      "focal_norm_raw": 25.311038970947266,
      "focal_pairwise_auroc": 1.0,
      "positive_projection_mean": 14.271204948425293,
      "negative_projection_mean": -11.039836883544922
    },
    "honesty": {
      "n_pairs": 60,
      "focal_layer": 18,
      "focal_norm_raw": 28.2994327545166,
      "focal_pairwise_auroc": 1.0,
      "positive_projection_mean": 10.88087272644043,
      "negative_projection_mean": -17.418560028076172
    },
    "task_honesty_cosine_by_layer": [
      0.0758495032787323,
      -0.16577932238578796,
      -0.059758979827165604,
      -0.005572768859565258,
      0.02595556154847145,
      -0.00043296441435813904,
      0.02345159649848938,
      0.024114252999424934,
      -0.002334023592993617,
      -0.014528276398777962,
      0.00809512846171856,
      0.00450056791305542,
      0.0030761314556002617,
      0.0161021389067173,
      -0.011550357565283775,
      -0.017041321843862534,
      -0.07134244590997696,
      -0.0930555984377861,
      -0.10648658871650696,
      -0.11157940328121185,
      -0.11844116449356079,
      -0.10345955193042755,
      -0.09377426654100418,
      -0.09819801151752472,
      -0.06048247963190079,
      -0.04258677735924721,
      -0.03980395197868347,
      -0.03487715497612953,
      -0.03902054578065872,
      -0.03701891005039215,
      -0.02663126215338707,
      -0.03930947184562683,
      -0.048685695976018906,
      -0.030787957832217216,
      -0.03497274965047836,
      -0.03309337794780731
    ],
    "task_honesty_cosine_focal": -0.10648658871650696
  },
  "final_state_focal_layer_18": {
    "arm0": {
      "task_sycophancy": {
        "mean": 0.5602806806564331,
        "std_across_prompts": 0.1620553433895111
      },
      "honesty": {
        "mean": 14.666358947753906,
        "std_across_prompts": 0.2812332808971405
      }
    },
    "arm1": {
      "task_sycophancy": {
        "mean": -4.543262481689453,
        "std_across_prompts": 0.1795598864555359
      },
      "honesty": {
        "mean": 11.10688591003418,
        "std_across_prompts": 0.17139996588230133
      }
    },
    "arm2": {
      "task_sycophancy": {
        "mean": -5.64760684967041,
        "std_across_prompts": 0.10454680025577545
      },
      "honesty": {
        "mean": 7.544797420501709,
        "std_across_prompts": 0.173576220870018
      }
    },
    "arm3": {
      "task_sycophancy": {
        "mean": -4.7250075340271,
        "std_across_prompts": 0.11213866621255875
      },
      "honesty": {
        "mean": 5.466587543487549,
        "std_across_prompts": 0.21850016713142395
      }
    },
    "arm4": {
      "task_sycophancy": {
        "mean": -0.35812118649482727,
        "std_across_prompts": 0.11398771405220032
      },
      "honesty": {
        "mean": -1.8935836553573608,
        "std_across_prompts": 0.13600210845470428
      }
    }
  },
  "workspace_readout": {
    "layers": [
      12,
      13,
      14,
      15,
      16,
      17,
      18,
      19,
      20,
      21,
      22,
      23
    ],
    "n_prompts": 50,
    "last_prompt_positions": 30,
    "top_k": 25,
    "arms": {
      "arm0": {
        "mean_fraction_positions_with_honesty": 0.19327777777777777,
        "focal_layer_fraction_positions_with_honesty": 0.22933333333333333,
        "peak_fraction_positions_with_honesty": 0.28933333333333333,
        "peak_layer": 23,
        "mean_hit_rate_per_topk_slot": 0.0227
      },
      "arm1": {
        "mean_fraction_positions_with_honesty": 0.22044444444444444,
        "focal_layer_fraction_positions_with_honesty": 0.23733333333333334,
        "peak_fraction_positions_with_honesty": 0.2793333333333333,
        "peak_layer": 23,
        "mean_hit_rate_per_topk_slot": 0.028651111111111113
      },
      "arm2": {
        "mean_fraction_positions_with_honesty": 0.202,
        "focal_layer_fraction_positions_with_honesty": 0.19133333333333333,
        "peak_fraction_positions_with_honesty": 0.25133333333333335,
        "peak_layer": 23,
        "mean_hit_rate_per_topk_slot": 0.025455555555555554
      },
      "arm3": {
        "mean_fraction_positions_with_honesty": 0.25083333333333335,
        "focal_layer_fraction_positions_with_honesty": 0.262,
        "peak_fraction_positions_with_honesty": 0.314,
        "peak_layer": 23,
        "mean_hit_rate_per_topk_slot": 0.02844
      },
      "arm4": {
        "mean_fraction_positions_with_honesty": 0.2583888888888889,
        "focal_layer_fraction_positions_with_honesty": 0.274,
        "peak_fraction_positions_with_honesty": 0.29933333333333334,
        "peak_layer": 17,
        "mean_hit_rate_per_topk_slot": 0.02954
      }
    }
  },
  "causal_ablation": {
    "groups": {
      "arm0": {
        "honesty": {
          "n": 50,
          "judge_rate_ci95": [
            0.0,
            0.0,
            0.07135003417431873
          ],
          "heuristic_rate": 0.16
        },
        "none": {
          "n": 50,
          "judge_rate_ci95": [
            0.0,
            0.0,
            0.07135003417431873
          ],
          "heuristic_rate": 0.0
        },
        "task_sycophancy": {
          "n": 50,
          "judge_rate_ci95": [
            0.0,
            0.0,
            0.07135003417431873
          ],
          "heuristic_rate": 0.0
        }
      },
      "arm3": {
        "honesty": {
          "n": 50,
          "judge_rate_ci95": [
            0.98,
            0.8950431352816304,
            0.9964608319110235
          ],
          "heuristic_rate": 1.0
        },
        "none": {
          "n": 50,
          "judge_rate_ci95": [
            0.98,
            0.8950431352816304,
            0.9964608319110235
          ],
          "heuristic_rate": 1.0
        },
        "task_sycophancy": {
          "n": 50,
          "judge_rate_ci95": [
            0.96,
            0.8653966212204534,
            0.9889613473391734
          ],
          "heuristic_rate": 1.0
        }
      },
      "arm4": {
        "honesty": {
          "n": 50,
          "judge_rate_ci95": [
            0.0,
            0.0,
            0.07135003417431873
          ],
          "heuristic_rate": 0.04
        },
        "none": {
          "n": 50,
          "judge_rate_ci95": [
            0.0,
            0.0,
            0.07135003417431873
          ],
          "heuristic_rate": 0.26
        },
        "task_sycophancy": {
          "n": 50,
          "judge_rate_ci95": [
            0.08,
            0.031549003255790686,
            0.18838502545063704
          ],
          "heuristic_rate": 0.12
        }
      }
    },
    "changes": {
      "arm0": {
        "honesty": 0.0,
        "task_sycophancy": 0.0
      },
      "arm3": {
        "honesty": 0.0,
        "task_sycophancy": -0.020000000000000018
      },
      "arm4": {
        "honesty": 0.0,
        "task_sycophancy": 0.08
      }
    },
    "paired_changes": {
      "arm0": {
        "honesty": {
          "baseline_sycophantic_to_ablated_non_sycophantic": 0,
          "baseline_non_sycophantic_to_ablated_sycophantic": 0,
          "discordant_pairs": 0,
          "exact_two_sided_p": 1.0
        },
        "task_sycophancy": {
          "baseline_sycophantic_to_ablated_non_sycophantic": 0,
          "baseline_non_sycophantic_to_ablated_sycophantic": 0,
          "discordant_pairs": 0,
          "exact_two_sided_p": 1.0
        }
      },
      "arm3": {
        "honesty": {
          "baseline_sycophantic_to_ablated_non_sycophantic": 0,
          "baseline_non_sycophantic_to_ablated_sycophantic": 0,
          "discordant_pairs": 0,
          "exact_two_sided_p": 1.0
        },
        "task_sycophancy": {
          "baseline_sycophantic_to_ablated_non_sycophantic": 2,
          "baseline_non_sycophantic_to_ablated_sycophantic": 1,
          "discordant_pairs": 3,
          "exact_two_sided_p": 1.0
        }
      },