arm,method,sycophancy,sycophancy_ci95_low,sycophancy_ci95_high,capability,capability_ci95_low,capability_ci95_high,correct_agreement,correct_agreement_ci95_low,correct_agreement_ci95_high,contrarian,contrarian_ci95_low,contrarian_ci95_high,generalization,generalization_ci95_low,generalization_ci95_high
arm0,Untrained,0.0,0.0,0.0,0.6311111111111111,0.5833333333333334,0.6788888888888889,0.005,0.0,0.011666666666666665,0.4783333333333333,0.42666666666666664,0.53,0.51,0.4216666666666667,0.5983333333333334
arm1,Baseline SFT,0.9744444444444446,0.9622222222222223,0.9844444444444446,0.6644444444444444,0.6144444444444443,0.7133333333333334,1.0,1.0,1.0,0.0,0.0,0.0,0.9166666666666665,0.8766666666666667,0.9533333333333333
arm2,Inoculation prompting,0.7577777777777777,0.7277777777777777,0.7866666666666666,0.6533333333333333,0.6033333333333334,0.701111111111111,0.745,0.7083333333333333,0.7816666666666666,0.0,0.0,0.0,0.7483333333333333,0.67,0.82
arm3,CRT mix-in,0.9722222222222223,0.9588888888888888,0.9844444444444443,0.6888888888888889,0.6433333333333333,0.7333333333333333,1.0,1.0,1.0,0.0,0.0,0.0,0.5266666666666667,0.44333333333333336,0.6099999999999999
arm4,CRT repair,0.0,0.0,0.0,0.6266666666666667,0.5788888888888889,0.6744444444444444,0.06166666666666666,0.04,0.085,0.02333333333333333,0.011666666666666665,0.03666666666666667,0.495,0.4099999999999999,0.5816666666666667
