arm,method,baseline,baseline_ci95_low,baseline_ci95_high,exact_ip,exact_ip_ci95_low,exact_ip_ci95_high,generic,generic_ci95_low,generic_ci95_high
arm2,Inoculation prompting,0.7577777777777777,0.7277777777777777,0.7866666666666666,0.9822222222222223,0.9711111111111113,0.9911111111111113,0.9877777777777778,0.9788888888888889,0.9944444444444446
arm3,CRT mix-in,0.9722222222222223,0.9588888888888888,0.9844444444444443,0.45777777777777773,0.41444444444444445,0.5011111111111111,0.8822222222222222,0.86,0.9033333333333333
arm4,CRT repair,0.0,0.0,0.0,0.05444444444444444,0.03555555555555556,0.07447222222222183,0.37444444444444447,0.32666666666666666,0.42222222222222217
